{
  "generatedBy": "Microsoft.NET.Sdk.Functions.Generator-4.1.1",
  "configurationSource": "attributes",
  "bindings": [
    {
      "type": "httpTrigger",
      "methods": [
        "post"
      ],
      "authLevel": "anonymous",
      "name": "req"
    },
    {
      "type": "queue",
      "connection": "AzureWebJobsStorage",
      "queueName": "%DataIngressQueue%",
      "name": "queueItem"
    }
  ],
  "disabled": false,
  "scriptFile": "../bin/AzureFunctions.dll",
  "entryPoint": "Tecan.Function.AddDataMessage.Run"
}