{
  "generatedBy": "Microsoft.NET.Sdk.Functions.Generator-4.1.1",
  "configurationSource": "attributes",
  "bindings": [
    {
      "type": "timerTrigger",
      "schedule": "0 */1 * * * *",
      "useMonitor": true,
      "runOnStartup": false,
      "name": "myTimer"
    },
    {
      "type": "queue",
      "connection": "AzureWebJobsStorage",
      "queueName": "%DataIngressQueue%",
      "name": "queueItem"
    }
  ],
  "disabled": false,
  "scriptFile": "../bin/AzureFunctions.dll",
  "entryPoint": "Tecan.Function.DataEmulation.Run"
}