{
  "generatedBy": "Microsoft.NET.Sdk.Functions.Generator-4.1.1",
  "configurationSource": "attributes",
  "bindings": [
    {
      "type": "queueTrigger",
      "connection": "AzureWebJobsStorage",
      "queueName": "%DataIngressQueue%",
      "name": "queueItem"
    },
    {
      "type": "table",
      "connection": "AzureWebJobsStorage",
      "tableName": "data",
      "name": "$return",
      "direction": "out"
    }
  ],
  "disabled": false,
  "scriptFile": "../bin/AzureFunctions.dll",
  "entryPoint": "Tecan.Function.DataProcessing.Run"
}